Departamento Nacimiento,Municipio Nacimiento,Área Nacimiento,Género,Peso,Talla,Fecha de Nacimiento,Hora de Nacimiento,Parto Atendido por...,Tiempo de Gestación,Número de Consultas Prenatales,Tipo de Parto,Multiplicidad de Embarazo,APGAR1,APGAR2,Grupo Sanguíneo,Factor RH,Pertenencia Étnica,Tipo de Documento de la Madre,Edad de la Madre,Estado Conyugal Madre,Nivel Educativo de la Madre1,Nivel Educativo de la Madre,País de Residencia,Departamento Residencia,Municipio Residencia,Área de Residencia,Barrio,Dirección,Centro Poblado,Rural Disperso,Número de Hijos Nacidos Vivos,Fecha Anterior del Hijo Nacido Vivo,Número de Embarazos,Régimen Seguridad,Tipo de Administración,Nombre de la Administradora,Edad del Padre,Nivel Educativo del Padre,Último Año Aprobado del Padre
VALLE DEL CAUCA,CALI,CABECERA MUNICIPAL,MASCULINO,3672,52,01/01/2016 12:00:00 AM,22:43:00,MÉDICO,39,6,CESÁREA,SIMPLE,9,9,A,POSITIVO,NINGUNO DE LOS ANTERIORES,CÉDULA DE CIUDADANÍA.,35,NO ESTÁ CASADA Y LLEVA DOS AÑOS O MÁS VIVIENDO CON SU PAREJA,PROFESIONAL,5,COLOMBIA,VALLE DEL CAUCA,GUADALAJARA DE BUGA,CABECERA MUNICIPAL,BUGA,CL 14  12 01,,,1,,1,CONTRIBUTIVO,ENTIDAD PROMOTORA DE SALUD,EPS S.O.S. S.A. - EPS SERVICIO OCCIDENTAL DE SALUD  S.A.,38,MEDIA ACADÉMICA O CLÁSICA ,11
VALLE DEL CAUCA,CALI,CABECERA MUNICIPAL,FEMENINO,3720,52,,12:30:00,MÉDICO,38,7,CESÁREA,SIMPLE,9,10,O,POSITIVO,NINGUNO DE LOS ANTERIORES,CÉDULA DE CIUDADANÍA.,28,ESTÁ CASADA,TECNOLÓGICA,3,COLOMBIA,VALLE DEL CAUCA,GUADALAJARA DE BUGA,CABECERA MUNICIPAL,SAN JOSE OBRERO,CL30 NO 11-57,,,1, ,2,CONTRIBUTIVO,ENTIDAD PROMOTORA DE SALUD,EPS SURA,44,MEDIA ACADÉMICA O CLÁSICA ,11
VALLE DEL CAUCA,CALI,CABECERA MUNICIPAL,MASCULINO,1970,48,10/01/2016 12:00:00 AM,11:55:00,MÉDICO,33,6,CESÁREA,SIMPLE,8,10,O,POSITIVO,NINGUNO DE LOS ANTERIORES,CÉDULA DE CIUDADANÍA.,31,NO ESTÁ CASADA Y LLEVA DOS AÑOS O MÁS VIVIENDO CON SU PAREJA,MEDIA ACADÉMICA O CLÁSICA ,11,COLOMBIA,VALLE DEL CAUCA,GUADALAJARA DE BUGA,CABECERA MUNICIPAL,OBRERO GRANDE,CL  29A  11-88,,,1, ,1,SUBSIDIADO,ENTIDAD PROMOTORA DE SALUD SUBSIDIADO,EMSSANAR ESS - ASOCIACION MUTUAL EMPRESA SOLIDARIA DE SALUD ,22,MEDIA ACADÉMICA O CLÁSICA ,11
VALLE DEL CAUCA,CALI,CABECERA MUNICIPAL,FEMENINO,3100,50,10/01/2016 12:00:00 AM,12:59:00,MÉDICO,38,8,ESPONTÁNEO,SIMPLE,9,10,O,POSITIVO,NINGUNO DE LOS ANTERIORES,CÉDULA DE CIUDADANÍA.,28,ESTÁ CASADA,BÁSICA SECUNDARIA ,9,COLOMBIA,VALLE DEL CAUCA,GUADALAJARA DE BUGA,CABECERA MUNICIPAL,MONTELLANO,KR 16 24C 111,,,1, ,1,EXCEPCIÓN,ENTIDAD EXCEPTUADA DE SALUD,FUERZAS MILITARES,35,BÁSICA SECUNDARIA ,9
VALLE DEL CAUCA,CALI,CABECERA MUNICIPAL,FEMENINO,3320,50,,7:49:00,MÉDICO,39,10,CESÁREA,SIMPLE,9,10,A,POSITIVO,NINGUNO DE LOS ANTERIORES,CÉDULA DE CIUDADANÍA.,36,ESTÁ CASADA,PROFESIONAL,5,COLOMBIA,VALLE DEL CAUCA,GUADALAJARA DE BUGA,CABECERA MUNICIPAL,ALBERGUE,KR9  12A SUR- 21,,,1, ,1,CONTRIBUTIVO,ENTIDAD PROMOTORA DE SALUD,SALUD TOTAL S.A. ENTIDAD PROMOTORA DE SALUD,38,PROFESIONAL,5
VALLE DEL CAUCA,CALI,CABECERA MUNICIPAL,MASCULINO,4775,53,,19:05:00,MÉDICO,39,7,ESPONTÁNEO,SIMPLE,9,10,O,POSITIVO,NINGUNO DE LOS ANTERIORES,CÉDULA DE CIUDADANÍA.,31,NO ESTÁ CASADA Y LLEVA DOS AÑOS O MÁS VIVIENDO CON SU PAREJA,BÁSICA SECUNDARIA ,9,COLOMBIA,VALLE DEL CAUCA,GUADALAJARA DE BUGA,CABECERA MUNICIPAL,SANTA BARBARA,KR 15 14 66,,,6, 10/06/2010,7,SUBSIDIADO,ENTIDAD PROMOTORA DE SALUD SUBSIDIADO,EMSSANAR ESS - ASOCIACION MUTUAL EMPRESA SOLIDARIA DE SALUD ,31,MEDIA ACADÉMICA O CLÁSICA ,11
VALLE DEL CAUCA,CALI,CABECERA MUNICIPAL,MASCULINO,3340,52,,23:46:00,MÉDICO,40,9,CESÁREA,SIMPLE,8,9,A,POSITIVO,NINGUNO DE LOS ANTERIORES,CÉDULA DE CIUDADANÍA.,20,NO ESTÁ CASADA Y LLEVA MENOS DE DOS AÑOS VIVIENDO CON SU PAREJA,MEDIA ACADÉMICA O CLÁSICA ,11,COLOMBIA,VALLE DEL CAUCA,GUADALAJARA DE BUGA,CABECERA MUNICIPAL,MOLINO,KR 4   NO 7-34,,,1, ,1,SUBSIDIADO,ENTIDAD PROMOTORA DE SALUD SUBSIDIADO,EMSSANAR ESS - ASOCIACION MUTUAL EMPRESA SOLIDARIA DE SALUD ,22,MEDIA ACADÉMICA O CLÁSICA ,11
VALLE DEL CAUCA,CALI,CABECERA MUNICIPAL,FEMENINO,3410,50,,10:09:00,MÉDICO,39,7,CESÁREA,SIMPLE,9,10,O,POSITIVO,"NEGRO(A), MULATO(A), AFRO COLOMBIANO(A) O AFRO DESCENDIENTE",CÉDULA DE CIUDADANÍA.,31,NO ESTÁ CASADA Y LLEVA DOS AÑOS O MÁS VIVIENDO CON SU PAREJA,PROFESIONAL,5,COLOMBIA,VALLE DEL CAUCA,GUADALAJARA DE BUGA,CABECERA MUNICIPAL,MOLINO,CL 11 4-35,,,1, ,2,CONTRIBUTIVO,ENTIDAD PROMOTORA DE SALUD,COOMEVA   E.P.S.  S.A.,33,PROFESIONAL,5
VALLE DEL CAUCA,CALI,CABECERA MUNICIPAL,MASCULINO,1794,44,05/02/2016 12:00:00 AM,8:25:00,MÉDICO,32,12,CESÁREA,DOBLE,8,9,A,POSITIVO,NINGUNO DE LOS ANTERIORES,CÉDULA DE CIUDADANÍA.,22,ESTÁ CASADA,MEDIA ACADÉMICA O CLÁSICA ,11,COLOMBIA,VALLE DEL CAUCA,GUADALAJARA DE BUGA,CABECERA MUNICIPAL,PRADOS DE LA JULIA,KR 15C 3-21,,,1, ,2,CONTRIBUTIVO,ENTIDAD PROMOTORA DE SALUD,EPS S.O.S. S.A. - EPS SERVICIO OCCIDENTAL DE SALUD  S.A.,24,MEDIA ACADÉMICA O CLÁSICA ,11
VALLE DEL CAUCA,CALI,CABECERA MUNICIPAL,MASCULINO,1461,41,05/02/2016 12:00:00 AM,8:26:00,MÉDICO,32,12,CESÁREA,DOBLE,8,10,A,POSITIVO,NINGUNO DE LOS ANTERIORES,CÉDULA DE CIUDADANÍA.,22,ESTÁ CASADA,MEDIA ACADÉMICA O CLÁSICA ,11,COLOMBIA,VALLE DEL CAUCA,GUADALAJARA DE BUGA,CABECERA MUNICIPAL,PRADERA DE LA JULIA,KR 15C 3-21,,,2, 05/02/2016,2,CONTRIBUTIVO,ENTIDAD PROMOTORA DE SALUD,EPS S.O.S. S.A. - EPS SERVICIO OCCIDENTAL DE SALUD  S.A.,24,MEDIA ACADÉMICA O CLÁSICA ,11
VALLE DEL CAUCA,CALI,CABECERA MUNICIPAL,FEMENINO,2919,49,05/02/2016 12:00:00 AM,9:18:00,MÉDICO,40,8,ESPONTÁNEO,SIMPLE,9,10,O,POSITIVO,NINGUNO DE LOS ANTERIORES,CÉDULA DE CIUDADANÍA.,28,NO ESTÁ CASADA Y LLEVA MENOS DE DOS AÑOS VIVIENDO CON SU PAREJA,MEDIA ACADÉMICA O CLÁSICA ,11,COLOMBIA,VALLE DEL CAUCA,GUADALAJARA DE BUGA,CABECERA MUNICIPAL,PRIMERO DE MAYO,KR 53 13A-155,,,1, ,1,CONTRIBUTIVO,ENTIDAD PROMOTORA DE SALUD,EPS S.O.S. S.A. - EPS SERVICIO OCCIDENTAL DE SALUD  S.A.,29,PROFESIONAL,6
VALLE DEL CAUCA,CALI,CABECERA MUNICIPAL,FEMENINO,2630,46,,19:13:00,MÉDICO,39,4,ESPONTÁNEO,SIMPLE,8,10,O,POSITIVO,NINGUNO DE LOS ANTERIORES,CÉDULA DE CIUDADANÍA.,19,SIN INFORMACIÓN,SIN INFORMACIÓN,,COLOMBIA,VALLE DEL CAUCA,GUADALAJARA DE BUGA,RURAL DISPERSO,,,,CERRITO,1, ,1,CONTRIBUTIVO,ENTIDAD PROMOTORA DE SALUD,COMFENALCO  VALLE  E.P.S.,-4,SIN INFORMACIÓN,
VALLE DEL CAUCA,CALI,CABECERA MUNICIPAL,MASCULINO,4300,55,11/02/2016 12:00:00 AM,9:56:00,MÉDICO,39,8,CESÁREA,SIMPLE,9,10,O,POSITIVO,NINGUNO DE LOS ANTERIORES,CÉDULA DE CIUDADANÍA.,38,NO ESTÁ CASADA Y LLEVA DOS AÑOS O MÁS VIVIENDO CON SU PAREJA,PROFESIONAL,5,COLOMBIA,VALLE DEL CAUCA,GUADALAJARA DE BUGA,CABECERA MUNICIPAL,JOSE MARIA CABAL,CL 5 10-29,,,2, 18/02/1994,3,CONTRIBUTIVO,ENTIDAD PROMOTORA DE SALUD,CAFESALUD,37,PROFESIONAL,5
VALLE DEL CAUCA,CALI,CABECERA MUNICIPAL,MASCULINO,4393,52,11/02/2016 12:00:00 AM,18:16:00,MÉDICO,37,6,CESÁREA,SIMPLE,8,10,A,POSITIVO,NINGUNO DE LOS ANTERIORES,CÉDULA DE CIUDADANÍA.,28,ESTÁ CASADA,MEDIA ACADÉMICA O CLÁSICA ,11,COLOMBIA,VALLE DEL CAUCA,GUADALAJARA DE BUGA,CABECERA MUNICIPAL,BUGA,KR 15B 27-27,,,2, 03/02/2011,2,CONTRIBUTIVO,ENTIDAD PROMOTORA DE SALUD,EPS S.O.S. S.A. - EPS SERVICIO OCCIDENTAL DE SALUD  S.A.,28,MEDIA ACADÉMICA O CLÁSICA ,11
VALLE DEL CAUCA,CALI,CABECERA MUNICIPAL,FEMENINO,2030,46,,10:37:00,MÉDICO,33,6,CESÁREA,SIMPLE,8,9,O,POSITIVO,NINGUNO DE LOS ANTERIORES,CÉDULA DE CIUDADANÍA.,25,NO ESTÁ CASADA Y LLEVA DOS AÑOS O MÁS VIVIENDO CON SU PAREJA,TÉCNICA PROFESIONAL,2,COLOMBIA,VALLE DEL CAUCA,GUADALAJARA DE BUGA,CABECERA MUNICIPAL,PRADOS DEL SUR,KR 21 1SUR 73,,,2, 15/09/2013,2,CONTRIBUTIVO,ENTIDAD PROMOTORA DE SALUD,EPS S.O.S. S.A. - EPS SERVICIO OCCIDENTAL DE SALUD  S.A.,37,MEDIA ACADÉMICA O CLÁSICA ,11
VALLE DEL CAUCA,CALI,CABECERA MUNICIPAL,FEMENINO,3200,50,,10:30:00,MÉDICO,39,10,CESÁREA,SIMPLE,9,10,A,POSITIVO,NINGUNO DE LOS ANTERIORES,CÉDULA DE CIUDADANÍA.,29,ESTÁ CASADA,MEDIA ACADÉMICA O CLÁSICA ,11,COLOMBIA,VALLE DEL CAUCA,GUADALAJARA DE BUGA,CABECERA MUNICIPAL,LA ESPERANZA,CL 8  6-10,,,4, 12/03/2013,4,EXCEPCIÓN,ENTIDAD EXCEPTUADA DE SALUD,FUERZAS MILITARES,31,MEDIA ACADÉMICA O CLÁSICA ,11
VALLE DEL CAUCA,CALI,CABECERA MUNICIPAL,FEMENINO,4060,55,,9:56:00,MÉDICO,39,6,CESÁREA,SIMPLE,8,9,AB,POSITIVO,NINGUNO DE LOS ANTERIORES,CÉDULA DE CIUDADANÍA.,24,NO ESTÁ CASADA Y LLEVA DOS AÑOS O MÁS VIVIENDO CON SU PAREJA,PROFESIONAL,5,COLOMBIA,VALLE DEL CAUCA,GUADALAJARA DE BUGA,CABECERA MUNICIPAL,SENDEROS DE   LILI,CL 48A  92-51,,,2, 23/05/2013,2,CONTRIBUTIVO,ENTIDAD PROMOTORA DE SALUD,COOMEVA   E.P.S.  S.A.,26,PROFESIONAL,5
VALLE DEL CAUCA,CALI,CABECERA MUNICIPAL,MASCULINO,2700,51,09/03/2016 12:00:00 AM,13:05:00,MÉDICO,37,9,ESPONTÁNEO,SIMPLE,8,10,A,POSITIVO,NINGUNO DE LOS ANTERIORES,CÉDULA DE CIUDADANÍA.,30,ESTÁ CASADA,PROFESIONAL,5,COLOMBIA,VALLE DEL CAUCA,GUADALAJARA DE BUGA,CABECERA MUNICIPAL,LOS ANGELES,CL 1 SUR  17-40,,,2, 14/01/2008,3,CONTRIBUTIVO,ENTIDAD PROMOTORA DE SALUD,COOMEVA   E.P.S.  S.A.,34,PROFESIONAL,5
VALLE DEL CAUCA,CALI,CABECERA MUNICIPAL,FEMENINO,1090,40,11/03/2016 12:00:00 AM,12:32:00,MÉDICO,28,10,CESÁREA,SIMPLE,6,7,B,POSITIVO,NINGUNO DE LOS ANTERIORES,CÉDULA DE CIUDADANÍA.,29,NO ESTÁ CASADA Y LLEVA DOS AÑOS O MÁS VIVIENDO CON SU PAREJA,MEDIA ACADÉMICA O CLÁSICA ,11,COLOMBIA,VALLE DEL CAUCA,GUADALAJARA DE BUGA,CABECERA MUNICIPAL,PRADOS DE ORIENTE,KR 4 5-03,,,1, ,1,SUBSIDIADO,ENTIDAD PROMOTORA DE SALUD SUBSIDIADO,EMSSANAR ESS - ASOCIACION MUTUAL EMPRESA SOLIDARIA DE SALUD ,30,MEDIA ACADÉMICA O CLÁSICA ,11
VALLE DEL CAUCA,CALI,CABECERA MUNICIPAL,MASCULINO,1900,45,11/03/2016 12:00:00 AM,23:10:00,MÉDICO,33,5,CESÁREA,SIMPLE,9,10,A,POSITIVO,NINGUNO DE LOS ANTERIORES,CÉDULA DE CIUDADANÍA.,23,NO ESTÁ CASADA Y LLEVA DOS AÑOS O MÁS VIVIENDO CON SU PAREJA,BÁSICA SECUNDARIA ,9,COLOMBIA,VALLE DEL CAUCA,GUADALAJARA DE BUGA,CABECERA MUNICIPAL,LA ONDA,CL  27  15-21,,,1, ,1,SUBSIDIADO,ENTIDAD PROMOTORA DE SALUD SUBSIDIADO,EMSSANAR ESS - ASOCIACION MUTUAL EMPRESA SOLIDARIA DE SALUD ,23,BÁSICA SECUNDARIA ,9
VALLE DEL CAUCA,CALI,CABECERA MUNICIPAL,FEMENINO,1962,44,,14:26:00,MÉDICO,36,9,CESÁREA,SIMPLE,8,9,A,POSITIVO,NINGUNO DE LOS ANTERIORES,CÉDULA DE CIUDADANÍA.,31,NO ESTÁ CASADA Y LLEVA DOS AÑOS O MÁS VIVIENDO CON SU PAREJA,MEDIA ACADÉMICA O CLÁSICA ,11,COLOMBIA,VALLE DEL CAUCA,GUADALAJARA DE BUGA,CABECERA MUNICIPAL,SAN VICENTE,CRA 2E  10A-19,,,2, 07/06/2010,2,CONTRIBUTIVO,ENTIDAD PROMOTORA DE SALUD,EPS S.O.S. S.A. - EPS SERVICIO OCCIDENTAL DE SALUD  S.A.,32,TÉCNICA PROFESIONAL,2
VALLE DEL CAUCA,CALI,CABECERA MUNICIPAL,MASCULINO,2225,47,,21:40:00,MÉDICO,35,3,ESPONTÁNEO,SIMPLE,9,10,O,POSITIVO,NINGUNO DE LOS ANTERIORES,CÉDULA DE CIUDADANÍA.,22,NO ESTÁ CASADA Y LLEVA DOS AÑOS O MÁS VIVIENDO CON SU PAREJA,BÁSICA SECUNDARIA ,9,COLOMBIA,VALLE DEL CAUCA,GUADALAJARA DE BUGA,CABECERA MUNICIPAL,CENTRO,KR 11 6 64,,,3, 10/01/2014,3,CONTRIBUTIVO,ENTIDAD PROMOTORA DE SALUD,EPS S.O.S. S.A. - EPS SERVICIO OCCIDENTAL DE SALUD  S.A.,21,BÁSICA SECUNDARIA ,9
VALLE DEL CAUCA,CALI,CABECERA MUNICIPAL,MASCULINO,2890,48,,12:07:00,MÉDICO,38,9,CESÁREA,SIMPLE,9,10,O,POSITIVO,NINGUNO DE LOS ANTERIORES,CÉDULA DE CIUDADANÍA.,33,ESTÁ CASADA,PROFESIONAL,5,COLOMBIA,VALLE DEL CAUCA,GUADALAJARA DE BUGA,CABECERA MUNICIPAL,GIRASOLES,CL 30 B 12 42,,,1, ,1,CONTRIBUTIVO,ENTIDAD PROMOTORA DE SALUD,EPS S.O.S. S.A. - EPS SERVICIO OCCIDENTAL DE SALUD  S.A.,36,PROFESIONAL,5
VALLE DEL CAUCA,CALI,CABECERA MUNICIPAL,MASCULINO,3238,50,,17:46:00,MÉDICO,37,8,CESÁREA,SIMPLE,9,10,O,POSITIVO,NINGUNO DE LOS ANTERIORES,CÉDULA DE CIUDADANÍA.,40,NO ESTÁ CASADA Y LLEVA DOS AÑOS O MÁS VIVIENDO CON SU PAREJA,MEDIA ACADÉMICA O CLÁSICA ,11,COLOMBIA,VALLE DEL CAUCA,GUADALAJARA DE BUGA,CABECERA MUNICIPAL,FUENMAYOR,CL 19 10 - 32,,,2, 11/06/2002,3,CONTRIBUTIVO,ENTIDAD PROMOTORA DE SALUD,EPS S.O.S. S.A. - EPS SERVICIO OCCIDENTAL DE SALUD  S.A.,39,MEDIA ACADÉMICA O CLÁSICA ,10
VALLE DEL CAUCA,CALI,CABECERA MUNICIPAL,MASCULINO,2880,49,,20:30:00,MÉDICO,39,10,CESÁREA,SIMPLE,9,10,A,POSITIVO,"NEGRO(A), MULATO(A), AFRO COLOMBIANO(A) O AFRO DESCENDIENTE",CÉDULA DE CIUDADANÍA.,31,ESTÁ CASADA,ESPECIALIZACIÓN,2,COLOMBIA,VALLE DEL CAUCA,GUADALAJARA DE BUGA,CABECERA MUNICIPAL,EL ALBERGUE,CL 10 SUR  3-102,,,1, ,1,CONTRIBUTIVO,ENTIDAD PROMOTORA DE SALUD,EPS S.O.S. S.A. - EPS SERVICIO OCCIDENTAL DE SALUD  S.A.,34,ESPECIALIZACIÓN,2
VALLE DEL CAUCA,CALI,CABECERA MUNICIPAL,MASCULINO,2640,49,,21:03:00,MÉDICO,40,9,CESÁREA,SIMPLE,8,9,A,POSITIVO,NINGUNO DE LOS ANTERIORES,CÉDULA DE CIUDADANÍA.,39,ESTÁ CASADA,PROFESIONAL,5,COLOMBIA,VALLE DEL CAUCA,GUADALAJARA DE BUGA,CABECERA MUNICIPAL,LA JULIA,KR 6 13A-38,,,2, 31/08/2005,2,EXCEPCIÓN,ENTIDAD EXCEPTUADA DE SALUD,FONDO DE PRESTACIONES SOCIALES DEL MAGISTERIO,40,PROFESIONAL,5
VALLE DEL CAUCA,CALI,CABECERA MUNICIPAL,FEMENINO,3300,50,,5:07:00,MÉDICO,39,8,ESPONTÁNEO,SIMPLE,9,10,O,POSITIVO,NINGUNO DE LOS ANTERIORES,CÉDULA DE CIUDADANÍA.,34,NO ESTÁ CASADA Y LLEVA DOS AÑOS O MÁS VIVIENDO CON SU PAREJA,PROFESIONAL,5,COLOMBIA,VALLE DEL CAUCA,GUADALAJARA DE BUGA,CABECERA MUNICIPAL,MARIA LUISA,CL 23 NUM 12-21,,,2, 12/10/2007,2,CONTRIBUTIVO,ENTIDAD PROMOTORA DE SALUD,COOMEVA   E.P.S.  S.A.,37,BÁSICA SECUNDARIA ,9
VALLE DEL CAUCA,CALI,CABECERA MUNICIPAL,MASCULINO,3030,50,05/05/2016 12:00:00 AM,4:30:00,MÉDICO,40,8,ESPONTÁNEO,SIMPLE,9,10,O,POSITIVO,NINGUNO DE LOS ANTERIORES,CÉDULA DE CIUDADANÍA.,19,NO ESTÁ CASADA Y LLEVA MENOS DE DOS AÑOS VIVIENDO CON SU PAREJA,TÉCNICA PROFESIONAL,2,COLOMBIA,VALLE DEL CAUCA,GUADALAJARA DE BUGA,CABECERA MUNICIPAL,VALCONES,MANZANA D CASA 8,,,1, ,1,CONTRIBUTIVO,ENTIDAD PROMOTORA DE SALUD,COOMEVA   E.P.S.  S.A.,25,PROFESIONAL,5
VALLE DEL CAUCA,CALI,CABECERA MUNICIPAL,FEMENINO,2388,46,08/05/2016 12:00:00 AM,11:49:00,MÉDICO,35,6,CESÁREA,SIMPLE,7,8,,,NINGUNO DE LOS ANTERIORES,CÉDULA DE CIUDADANÍA.,40,ESTÁ CASADA,PROFESIONAL,5,COLOMBIA,VALLE DEL CAUCA,GUADALAJARA DE BUGA,CABECERA MUNICIPAL,ALBERGUE,CALLE 10-SUR  7-62,,,1, ,2,CONTRIBUTIVO,ENTIDAD PROMOTORA DE SALUD,COOMEVA   E.P.S.  S.A.,33,PROFESIONAL,5
VALLE DEL CAUCA,CALI,CABECERA MUNICIPAL,FEMENINO,3480,51,,7:15:00,MÉDICO,38,8,ESPONTÁNEO,SIMPLE,8,10,O,POSITIVO,"NEGRO(A), MULATO(A), AFRO COLOMBIANO(A) O AFRO DESCENDIENTE",CÉDULA DE CIUDADANÍA.,35,ESTÁ CASADA,MEDIA ACADÉMICA O CLÁSICA ,11,COLOMBIA,VALLE DEL CAUCA,GUADALAJARA DE BUGA,CABECERA MUNICIPAL,CENTRO,CL 10 12 - 58,,,1, ,2,CONTRIBUTIVO,ENTIDAD PROMOTORA DE SALUD,COOMEVA   E.P.S.  S.A.,30,MEDIA ACADÉMICA O CLÁSICA ,11
VALLE DEL CAUCA,CALI,CABECERA MUNICIPAL,MASCULINO,3405,50,,9:57:00,MÉDICO,39,12,ESPONTÁNEO,SIMPLE,9,10,A,POSITIVO,NINGUNO DE LOS ANTERIORES,CÉDULA DE CIUDADANÍA.,27,NO ESTÁ CASADA Y LLEVA DOS AÑOS O MÁS VIVIENDO CON SU PAREJA,MEDIA ACADÉMICA O CLÁSICA ,11,COLOMBIA,VALLE DEL CAUCA,GUADALAJARA DE BUGA,CABECERA MUNICIPAL,PRADOS DE LA JULIA,CL 7 SUR 13B 22,,,2, 26/07/2009,2,CONTRIBUTIVO,ENTIDAD PROMOTORA DE SALUD,EPS S.O.S. S.A. - EPS SERVICIO OCCIDENTAL DE SALUD  S.A.,37,MEDIA ACADÉMICA O CLÁSICA ,11
VALLE DEL CAUCA,CALI,CABECERA MUNICIPAL,FEMENINO,3130,51,11/06/2016 12:00:00 AM,9:38:00,MÉDICO,39,7,CESÁREA,SIMPLE,8,9,O,POSITIVO,NINGUNO DE LOS ANTERIORES,CÉDULA DE CIUDADANÍA.,37,ESTÁ CASADA,PROFESIONAL,5,COLOMBIA,VALLE DEL CAUCA,GUADALAJARA DE BUGA,CABECERA MUNICIPAL,FUEN MAYOR,KR 11 20-33,,,1, ,1,CONTRIBUTIVO,ENTIDAD PROMOTORA DE SALUD,EPS S.O.S. S.A. - EPS SERVICIO OCCIDENTAL DE SALUD  S.A.,45,PROFESIONAL,5
VALLE DEL CAUCA,CALI,CABECERA MUNICIPAL,MASCULINO,3740,51,,10:55:00,MÉDICO,39,7,CESÁREA,SIMPLE,9,10,O,POSITIVO,NINGUNO DE LOS ANTERIORES,CÉDULA DE CIUDADANÍA.,22,ESTÁ CASADA,PROFESIONAL,5,COLOMBIA,VALLE DEL CAUCA,GUADALAJARA DE BUGA,CABECERA MUNICIPAL,PALO BLANCO,KR24A 13A-15,,,2, 24/12/2012,2,CONTRIBUTIVO,ENTIDAD PROMOTORA DE SALUD,EPS SURA,26,TECNOLÓGICA,3
VALLE DEL CAUCA,CALI,CABECERA MUNICIPAL,MASCULINO,2841,48,01/07/2016 12:00:00 AM,3:15:00,MÉDICO,37,7,ESPONTÁNEO,SIMPLE,8,9,O,POSITIVO,NINGUNO DE LOS ANTERIORES,CÉDULA DE CIUDADANÍA.,26,NO ESTÁ CASADA Y LLEVA MENOS DE DOS AÑOS VIVIENDO CON SU PAREJA,PROFESIONAL,5,COLOMBIA,VALLE DEL CAUCA,GUADALAJARA DE BUGA,CABECERA MUNICIPAL,SUCRE,KR 14 NUMERO 15-17,,,2, 23/12/2002,2,CONTRIBUTIVO,ENTIDAD PROMOTORA DE SALUD,EPS S.O.S. S.A. - EPS SERVICIO OCCIDENTAL DE SALUD  S.A.,36,PROFESIONAL,5
VALLE DEL CAUCA,CALI,CABECERA MUNICIPAL,MASCULINO,3550,51,01/07/2016 12:00:00 AM,3:34:00,MÉDICO,38,9,CESÁREA,SIMPLE,9,10,O,POSITIVO,NINGUNO DE LOS ANTERIORES,CÉDULA DE CIUDADANÍA.,27,NO ESTÁ CASADA Y LLEVA DOS AÑOS O MÁS VIVIENDO CON SU PAREJA,BÁSICA PRIMARIA,5,COLOMBIA,VALLE DEL CAUCA,GUADALAJARA DE BUGA,CABECERA MUNICIPAL,CENTRO,CL 9 12 35,,,1, ,1,CONTRIBUTIVO,ENTIDAD PROMOTORA DE SALUD,EPS S.O.S. S.A. - EPS SERVICIO OCCIDENTAL DE SALUD  S.A.,38,BÁSICA PRIMARIA,5
VALLE DEL CAUCA,CALI,CABECERA MUNICIPAL,MASCULINO,3453,55,07/07/2016 12:00:00 AM,20:44:00,MÉDICO,40,5,ESPONTÁNEO,SIMPLE,9,10,A,POSITIVO,NINGUNO DE LOS ANTERIORES,CÉDULA DE CIUDADANÍA.,29,NO ESTÁ CASADA Y LLEVA MENOS DE DOS AÑOS VIVIENDO CON SU PAREJA,TÉCNICA PROFESIONAL,2,COLOMBIA,VALLE DEL CAUCA,GUADALAJARA DE BUGA,CABECERA MUNICIPAL,MOLINO,CL 13A 3-57,,,2, 11/04/2008,2,CONTRIBUTIVO,ENTIDAD PROMOTORA DE SALUD,EPS S.O.S. S.A. - EPS SERVICIO OCCIDENTAL DE SALUD  S.A.,39,TÉCNICA PROFESIONAL,2
VALLE DEL CAUCA,CALI,CABECERA MUNICIPAL,MASCULINO,2900,49,10/07/2016 12:00:00 AM,16:47:00,MÉDICO,39,4,ESPONTÁNEO,SIMPLE,9,10,O,POSITIVO,NINGUNO DE LOS ANTERIORES,CÉDULA DE CIUDADANÍA.,20,ESTÁ SOLTERA,BÁSICA SECUNDARIA ,8,COLOMBIA,VALLE DEL CAUCA,GUADALAJARA DE BUGA,RURAL DISPERSO,,,,"AVENIDA LA PAILA, CORREGIMIENTO GALICIA",1, ,1,SUBSIDIADO,ENTIDAD PROMOTORA DE SALUD SUBSIDIADO,CAFESALUD EPSS SA,28,SIN INFORMACIÓN,
VALLE DEL CAUCA,CALI,CABECERA MUNICIPAL,FEMENINO,3240,50,,19:02:00,MÉDICO,38,8,CESÁREA,SIMPLE,9,10,O,POSITIVO,NINGUNO DE LOS ANTERIORES,CÉDULA DE CIUDADANÍA.,22,NO ESTÁ CASADA Y LLEVA DOS AÑOS O MÁS VIVIENDO CON SU PAREJA,MEDIA ACADÉMICA O CLÁSICA ,11,COLOMBIA,VALLE DEL CAUCA,GUADALAJARA DE BUGA,CABECERA MUNICIPAL,SANTA BARBARA,CL 14 5 52,,,1, ,1,CONTRIBUTIVO,ENTIDAD PROMOTORA DE SALUD,EPS S.O.S. S.A. - EPS SERVICIO OCCIDENTAL DE SALUD  S.A.,23,MEDIA ACADÉMICA O CLÁSICA ,11
VALLE DEL CAUCA,CALI,CABECERA MUNICIPAL,FEMENINO,2600,50,,5:44:00,MÉDICO,37,3,ESPONTÁNEO,SIMPLE,8,10,O,POSITIVO,NINGUNO DE LOS ANTERIORES,CÉDULA DE CIUDADANÍA.,32,NO ESTÁ CASADA Y LLEVA DOS AÑOS O MÁS VIVIENDO CON SU PAREJA,BÁSICA PRIMARIA,5,COLOMBIA,VALLE DEL CAUCA,GUADALAJARA DE BUGA,CABECERA MUNICIPAL,CENTRO,CL  8   11-56,,,2, 03/05/2007,2,SUBSIDIADO,ENTIDAD PROMOTORA DE SALUD SUBSIDIADO,CAFESALUD EPSS SA,52,BÁSICA SECUNDARIA ,9
VALLE DEL CAUCA,CALI,CABECERA MUNICIPAL,FEMENINO,2500,47,,11:58:00,MÉDICO,36,5,CESÁREA,SIMPLE,8,9,O,POSITIVO,NINGUNO DE LOS ANTERIORES,CÉDULA DE CIUDADANÍA.,34,NO ESTÁ CASADA Y LLEVA DOS AÑOS O MÁS VIVIENDO CON SU PAREJA,PROFESIONAL,5,COLOMBIA,VALLE DEL CAUCA,GUADALAJARA DE BUGA,CABECERA MUNICIPAL,LA JULIA,KR 13 6 SUR-38,,,2, 18/09/2014,4,CONTRIBUTIVO,ENTIDAD PROMOTORA DE SALUD,CAFESALUD,32,PROFESIONAL,5
VALLE DEL CAUCA,CALI,CABECERA MUNICIPAL,MASCULINO,3340,50,04/08/2016 12:00:00 AM,10:14:00,MÉDICO,39,8,CESÁREA,SIMPLE,9,9,A,POSITIVO,"NEGRO(A), MULATO(A), AFRO COLOMBIANO(A) O AFRO DESCENDIENTE",CÉDULA DE CIUDADANÍA.,35,ESTÁ CASADA,PROFESIONAL,5,COLOMBIA,VALLE DEL CAUCA,GUADALAJARA DE BUGA,CABECERA MUNICIPAL,SUCRE,KR  16   15  46,,,1, ,1,CONTRIBUTIVO,ENTIDAD PROMOTORA DE SALUD,EPS SURA,35,PROFESIONAL,5
VALLE DEL CAUCA,CALI,CABECERA MUNICIPAL,FEMENINO,920,35,04/08/2016 12:00:00 AM,14:57:00,MÉDICO,26,0,CESÁREA,SIMPLE,1,5,A,NEGATIVO,NINGUNO DE LOS ANTERIORES,CÉDULA DE CIUDADANÍA.,20,ESTÁ SOLTERA,MEDIA ACADÉMICA O CLÁSICA ,11,COLOMBIA,VALLE DEL CAUCA,GUADALAJARA DE BUGA,CABECERA MUNICIPAL,DESCONOCIDO,CL 13 B 2 E 54,,,1, ,1,SUBSIDIADO,ENTIDAD PROMOTORA DE SALUD SUBSIDIADO,EMSSANAR ESS - ASOCIACION MUTUAL EMPRESA SOLIDARIA DE SALUD ,22,MEDIA ACADÉMICA O CLÁSICA ,11
VALLE DEL CAUCA,CALI,CABECERA MUNICIPAL,FEMENINO,1070,35,05/08/2016 12:00:00 AM,20:54:00,MÉDICO,31,8,CESÁREA,SIMPLE,5,8,B,POSITIVO,NINGUNO DE LOS ANTERIORES,CÉDULA DE CIUDADANÍA.,31,ESTÁ CASADA,PROFESIONAL,6,COLOMBIA,VALLE DEL CAUCA,GUADALAJARA DE BUGA,CABECERA MUNICIPAL,SAN VICENTE,KR 2E  10-18,,,1, ,2,CONTRIBUTIVO,ENTIDAD PROMOTORA DE SALUD,EPS S.O.S. S.A. - EPS SERVICIO OCCIDENTAL DE SALUD  S.A.,30,PROFESIONAL,5
VALLE DEL CAUCA,CALI,CABECERA MUNICIPAL,MASCULINO,3850,52,09/08/2016 12:00:00 AM,23:18:00,MÉDICO,39,6,CESÁREA,SIMPLE,9,10,AB,POSITIVO,NINGUNO DE LOS ANTERIORES,CÉDULA DE CIUDADANÍA.,30,ESTÁ CASADA,MAESTRÍA,3,COLOMBIA,VALLE DEL CAUCA,GUADALAJARA DE BUGA,CABECERA MUNICIPAL,PALO BLANCO,CL 14B 24 45 APTO 2,,,1, ,1,EXCEPCIÓN,ENTIDAD EXCEPTUADA DE SALUD,FONDO DE PRESTACIONES SOCIALES DEL MAGISTERIO,33,TÉCNICA PROFESIONAL,2
VALLE DEL CAUCA,CALI,CABECERA MUNICIPAL,FEMENINO,3500,49,,21:45:00,MÉDICO,36,2,CESÁREA,SIMPLE,9,9,O,POSITIVO,NINGUNO DE LOS ANTERIORES,CÉDULA DE CIUDADANÍA.,21,NO ESTÁ CASADA Y LLEVA DOS AÑOS O MÁS VIVIENDO CON SU PAREJA,MEDIA ACADÉMICA O CLÁSICA ,11,COLOMBIA,VALLE DEL CAUCA,GUADALAJARA DE BUGA,CABECERA MUNICIPAL,ALTO BONITO,CL 13  8-13,,,2, 15/10/2011,2,SUBSIDIADO,ENTIDAD PROMOTORA DE SALUD SUBSIDIADO,CAFESALUD EPSS SA,29,BÁSICA PRIMARIA,5
VALLE DEL CAUCA,CALI,CABECERA MUNICIPAL,FEMENINO,3950,53,02/09/2016 12:00:00 AM,10:56:00,MÉDICO,39,6,CESÁREA,SIMPLE,9,10,B,POSITIVO,NINGUNO DE LOS ANTERIORES,CÉDULA DE CIUDADANÍA.,39,ESTÁ SOLTERA,BÁSICA SECUNDARIA ,7,COLOMBIA,VALLE DEL CAUCA,GUADALAJARA DE BUGA,CABECERA MUNICIPAL,SANTA BARBARA,KR 7   8-80,,,6, 02/05/2000,7,SUBSIDIADO,ENTIDAD PROMOTORA DE SALUD SUBSIDIADO,ASMET SALUD ESS - ASOCIACION MUTUAL LA ESPERANZA ,-4,SIN INFORMACIÓN,
VALLE DEL CAUCA,CALI,CABECERA MUNICIPAL,MASCULINO,3320,49,05/09/2016 12:00:00 AM,6:32:00,MÉDICO,38,8,CESÁREA,SIMPLE,9,9,A,POSITIVO,NINGUNO DE LOS ANTERIORES,CÉDULA DE CIUDADANÍA.,36,ESTÁ CASADA,ESPECIALIZACIÓN,2,COLOMBIA,VALLE DEL CAUCA,GUADALAJARA DE BUGA,CABECERA MUNICIPAL,EL ALBERGUE,CL  5  SUR   6 49,,,2, 11/09/2014,2,CONTRIBUTIVO,ENTIDAD PROMOTORA DE SALUD,EPS S.O.S. S.A. - EPS SERVICIO OCCIDENTAL DE SALUD  S.A.,42,PROFESIONAL,5
VALLE DEL CAUCA,CALI,CABECERA MUNICIPAL,MASCULINO,3084,49,11/09/2016 12:00:00 AM,0:46:00,MÉDICO,38,4,ESPONTÁNEO,SIMPLE,9,10,O,POSITIVO,NINGUNO DE LOS ANTERIORES,CÉDULA DE CIUDADANÍA.,38,ESTÁ CASADA,BÁSICA SECUNDARIA ,9,COLOMBIA,VALLE DEL CAUCA,GUADALAJARA DE BUGA,CABECERA MUNICIPAL,JOSE MARIA CABAL,KR 14  7 30 APTO 404,,,2, 24/06/2010,2,CONTRIBUTIVO,ENTIDAD PROMOTORA DE SALUD,EPS S.O.S. S.A. - EPS SERVICIO OCCIDENTAL DE SALUD  S.A.,36,BÁSICA SECUNDARIA ,9
VALLE DEL CAUCA,CALI,CABECERA MUNICIPAL,FEMENINO,3715,53,,5:46:00,MÉDICO,38,9,ESPONTÁNEO,SIMPLE,8,9,A,POSITIVO,NINGUNO DE LOS ANTERIORES,TARJETA DE IDENTIDAD.,17,NO ESTÁ CASADA Y LLEVA MENOS DE DOS AÑOS VIVIENDO CON SU PAREJA,BÁSICA SECUNDARIA ,9,COLOMBIA,VALLE DEL CAUCA,GUADALAJARA DE BUGA,CABECERA MUNICIPAL,UNINORTE,CL 33A 11-27,,,1, ,1,SUBSIDIADO,ENTIDAD PROMOTORA DE SALUD SUBSIDIADO,EMSSANAR ESS - ASOCIACION MUTUAL EMPRESA SOLIDARIA DE SALUD ,20,BÁSICA SECUNDARIA ,9
VALLE DEL CAUCA,CALI,CABECERA MUNICIPAL,FEMENINO,3940,50,,23:24:00,MÉDICO,38,7,ESPONTÁNEO,SIMPLE,9,10,A,POSITIVO,NINGUNO DE LOS ANTERIORES,CÉDULA DE CIUDADANÍA.,34,ESTÁ CASADA,PROFESIONAL,5,COLOMBIA,VALLE DEL CAUCA,GUADALAJARA DE BUGA,RURAL DISPERSO,,,,KM 15 VIA BUENAVENTURA,3, 19/03/2007,3,CONTRIBUTIVO,ENTIDAD PROMOTORA DE SALUD,E.P.S.  SANITAS  S.A.,40,PROFESIONAL,5
VALLE DEL CAUCA,CALI,CABECERA MUNICIPAL,MASCULINO,3698,52,,9:35:00,MÉDICO,38,6,CESÁREA,SIMPLE,9,10,A,POSITIVO,NINGUNO DE LOS ANTERIORES,CÉDULA DE CIUDADANÍA.,36,ESTÁ CASADA,PROFESIONAL,5,COLOMBIA,VALLE DEL CAUCA,GUADALAJARA DE BUGA,CABECERA MUNICIPAL,EL ALBERGUE,CL 12B 3-78,,,2, 28/03/2001,5,CONTRIBUTIVO,ENTIDAD PROMOTORA DE SALUD,EPS S.O.S. S.A. - EPS SERVICIO OCCIDENTAL DE SALUD  S.A.,37,PROFESIONAL,5
VALLE DEL CAUCA,CALI,CABECERA MUNICIPAL,FEMENINO,3500,50,,9:08:00,MÉDICO,38,10,CESÁREA,SIMPLE,8,8,O,POSITIVO,NINGUNO DE LOS ANTERIORES,CÉDULA DE CIUDADANÍA.,32,ESTÁ CASADA,PROFESIONAL,5,COLOMBIA,VALLE DEL CAUCA,GUADALAJARA DE BUGA,CABECERA MUNICIPAL,LA JULIA,CL4  BIS SUR N13B49,,,1, ,1,CONTRIBUTIVO,ENTIDAD PROMOTORA DE SALUD,SALUD TOTAL S.A. ENTIDAD PROMOTORA DE SALUD,40,PROFESIONAL,5
VALLE DEL CAUCA,CALI,CABECERA MUNICIPAL,FEMENINO,3476,50,,19:11:00,MÉDICO,39,9,ESPONTÁNEO,SIMPLE,8,10,A,POSITIVO,NINGUNO DE LOS ANTERIORES,CÉDULA DE CIUDADANÍA.,37,NO ESTÁ CASADA Y LLEVA DOS AÑOS O MÁS VIVIENDO CON SU PAREJA,MEDIA ACADÉMICA O CLÁSICA ,11,COLOMBIA,VALLE DEL CAUCA,GUADALAJARA DE BUGA,CABECERA MUNICIPAL,SANTA BÁRBARA,CL 12 10-29,,,2, 28/06/2011,5,CONTRIBUTIVO,ENTIDAD PROMOTORA DE SALUD,EPS S.O.S. S.A. - EPS SERVICIO OCCIDENTAL DE SALUD  S.A.,42,PROFESIONAL,5
VALLE DEL CAUCA,CALI,CABECERA MUNICIPAL,MASCULINO,3980,54,,14:05:00,MÉDICO,36,8,ESPONTÁNEO,SIMPLE,4,6,B,POSITIVO,NINGUNO DE LOS ANTERIORES,CÉDULA DE CIUDADANÍA.,31,NO ESTÁ CASADA Y LLEVA DOS AÑOS O MÁS VIVIENDO CON SU PAREJA,BÁSICA PRIMARIA,4,COLOMBIA,VALLE DEL CAUCA,GUADALAJARA DE BUGA,"CENTRO POBLADO (INSPECCIÓN, CORREGIMIENTO O CASERÍO)",,,LA MAGDALENA,,3, 03/06/2006,4,SUBSIDIADO,ENTIDAD PROMOTORA DE SALUD SUBSIDIADO,EMSSANAR ESS - ASOCIACION MUTUAL EMPRESA SOLIDARIA DE SALUD ,33,MEDIA ACADÉMICA O CLÁSICA ,11
VALLE DEL CAUCA,CALI,CABECERA MUNICIPAL,MASCULINO,2108,48,,11:19:00,MÉDICO,36,10,CESÁREA,DOBLE,9,10,A,POSITIVO,NINGUNO DE LOS ANTERIORES,CÉDULA DE CIUDADANÍA.,38,ESTÁ CASADA,ESPECIALIZACIÓN,2,COLOMBIA,VALLE DEL CAUCA,GUADALAJARA DE BUGA,CABECERA MUNICIPAL,LA CURIA,KR 13A 16A SUR 31,,,2, 23/11/2016,1,CONTRIBUTIVO,ENTIDAD PROMOTORA DE SALUD,COOMEVA   E.P.S.  S.A.,38,PROFESIONAL,5
VALLE DEL CAUCA,CALI,CABECERA MUNICIPAL,MASCULINO,2750,50,,12:31:00,MÉDICO,38,8,CESÁREA,SIMPLE,9,9,O,POSITIVO,NINGUNO DE LOS ANTERIORES,CÉDULA DE CIUDADANÍA.,29,NO ESTÁ CASADA Y LLEVA DOS AÑOS O MÁS VIVIENDO CON SU PAREJA,BÁSICA SECUNDARIA ,9,COLOMBIA,VALLE DEL CAUCA,GUADALAJARA DE BUGA,CABECERA MUNICIPAL,ALVERNIA,CL 14 SUR 11 - 15,,,2, 23/02/2009,2,CONTRIBUTIVO,ENTIDAD PROMOTORA DE SALUD,COOMEVA   E.P.S.  S.A.,37,PROFESIONAL,5
VALLE DEL CAUCA,CALI,CABECERA MUNICIPAL,MASCULINO,3540,55,,15:50:00,MÉDICO,37,5,CESÁREA,SIMPLE,9,10,O,POSITIVO,NINGUNO DE LOS ANTERIORES,CÉDULA DE CIUDADANÍA.,32,NO ESTÁ CASADA Y LLEVA DOS AÑOS O MÁS VIVIENDO CON SU PAREJA,BÁSICA SECUNDARIA ,7,COLOMBIA,VALLE DEL CAUCA,GUADALAJARA DE BUGA,"CENTRO POBLADO (INSPECCIÓN, CORREGIMIENTO O CASERÍO)",,,LA MAGDALENA,,2, 25/06/2007,2,SUBSIDIADO,ENTIDAD PROMOTORA DE SALUD SUBSIDIADO,EMSSANAR ESS - ASOCIACION MUTUAL EMPRESA SOLIDARIA DE SALUD ,22,BÁSICA SECUNDARIA ,8
VALLE DEL CAUCA,CALI,CABECERA MUNICIPAL,MASCULINO,3010,50,,1:17:00,MÉDICO,37,4,CESÁREA,SIMPLE,8,9,A,POSITIVO,NINGUNO DE LOS ANTERIORES,CÉDULA DE CIUDADANÍA.,18,NO ESTÁ CASADA Y LLEVA MENOS DE DOS AÑOS VIVIENDO CON SU PAREJA,MEDIA ACADÉMICA O CLÁSICA ,11,COLOMBIA,VALLE DEL CAUCA,GUADALAJARA DE BUGA,CABECERA MUNICIPAL,SAN ANTONIO,CL 9 NUM 9 86,,,1, ,1,SUBSIDIADO,ENTIDAD PROMOTORA DE SALUD SUBSIDIADO,EMSSANAR ESS - ASOCIACION MUTUAL EMPRESA SOLIDARIA DE SALUD ,19,BÁSICA SECUNDARIA ,9
VALLE DEL CAUCA,CALI,CABECERA MUNICIPAL,MASCULINO,3370,48,,8:28:00,MÉDICO,36,8,CESÁREA,SIMPLE,8,9,O,POSITIVO,NINGUNO DE LOS ANTERIORES,CÉDULA DE CIUDADANÍA.,38,NO ESTÁ CASADA Y LLEVA DOS AÑOS O MÁS VIVIENDO CON SU PAREJA,ESPECIALIZACIÓN,2,COLOMBIA,VALLE DEL CAUCA,GUADALAJARA DE BUGA,CABECERA MUNICIPAL,EL CARMELO,KR3A 5-27,,,3, 26/09/2007,3,CONTRIBUTIVO,ENTIDAD PROMOTORA DE SALUD,COOMEVA   E.P.S.  S.A.,44,PROFESIONAL,5
VALLE DEL CAUCA,CALI,CABECERA MUNICIPAL,MASCULINO,1175,31,,22:30:00,MÉDICO,27,5,ESPONTÁNEO,SIMPLE,8,8,A,POSITIVO,NINGUNO DE LOS ANTERIORES,CÉDULA DE CIUDADANÍA.,23,NO ESTÁ CASADA Y LLEVA DOS AÑOS O MÁS VIVIENDO CON SU PAREJA,MEDIA ACADÉMICA O CLÁSICA ,11,COLOMBIA,VALLE DEL CAUCA,GUADALAJARA DE BUGA,CABECERA MUNICIPAL,UNINORTE,CL 33B 15-58,,,2, 17/09/2013,2,CONTRIBUTIVO,ENTIDAD PROMOTORA DE SALUD,NUEVA EPS SA,32,MEDIA ACADÉMICA O CLÁSICA ,11
VALLE DEL CAUCA,CALI,CABECERA MUNICIPAL,MASCULINO,2660,52,,21:47:00,MÉDICO,38,5,CESÁREA,SIMPLE,8,9,O,POSITIVO,NINGUNO DE LOS ANTERIORES,TARJETA DE IDENTIDAD.,17,NO ESTÁ CASADA Y LLEVA DOS AÑOS O MÁS VIVIENDO CON SU PAREJA,BÁSICA SECUNDARIA ,7,COLOMBIA,VALLE DEL CAUCA,GUADALAJARA DE BUGA,CABECERA MUNICIPAL,SAN JORHONDO,SIN INFORMACION,,,1, ,1,SUBSIDIADO,ENTIDAD PROMOTORA DE SALUD SUBSIDIADO,EMSSANAR ESS - ASOCIACION MUTUAL EMPRESA SOLIDARIA DE SALUD ,28,MEDIA ACADÉMICA O CLÁSICA ,11
VALLE DEL CAUCA,CALI,CABECERA MUNICIPAL,FEMENINO,3325,49,01/11/2016 12:00:00 AM,9:21:00,MÉDICO,39,7,CESÁREA,SIMPLE,8,9,O,POSITIVO,NINGUNO DE LOS ANTERIORES,CÉDULA DE CIUDADANÍA.,29,ESTÁ CASADA,PROFESIONAL,5,COLOMBIA,VALLE DEL CAUCA,GUADALAJARA DE BUGA,CABECERA MUNICIPAL,BUGA,KR 10A 145 56,,,1, ,1,CONTRIBUTIVO,ENTIDAD PROMOTORA DE SALUD,EPS S.O.S. S.A. - EPS SERVICIO OCCIDENTAL DE SALUD  S.A.,36,PROFESIONAL,5
VALLE DEL CAUCA,CALI,CABECERA MUNICIPAL,FEMENINO,2398,37,01/11/2016 12:00:00 AM,22:17:00,MÉDICO,38,8,ESPONTÁNEO,SIMPLE,1,1,,,NINGUNO DE LOS ANTERIORES,CÉDULA DE CIUDADANÍA.,25,NO ESTÁ CASADA Y LLEVA DOS AÑOS O MÁS VIVIENDO CON SU PAREJA,BÁSICA SECUNDARIA ,9,COLOMBIA,VALLE DEL CAUCA,GUADALAJARA DE BUGA,CABECERA MUNICIPAL,BUGA,KR 14 26C 14,,,2, 25/05/2015,6,CONTRIBUTIVO,ENTIDAD PROMOTORA DE SALUD,EPS S.O.S. S.A. - EPS SERVICIO OCCIDENTAL DE SALUD  S.A.,35,BÁSICA SECUNDARIA ,9
VALLE DEL CAUCA,CALI,CABECERA MUNICIPAL,FEMENINO,1780,41,09/11/2016 12:00:00 AM,7:22:00,MÉDICO,34,9,CESÁREA,SIMPLE,9,9,O,POSITIVO,NINGUNO DE LOS ANTERIORES,CÉDULA DE CIUDADANÍA.,38,ESTÁ CASADA,PROFESIONAL,5,COLOMBIA,VALLE DEL CAUCA,GUADALAJARA DE BUGA,CABECERA MUNICIPAL,EL ALBERGUE,CL 14 SUR  3-14,,,3, 01/11/2001,3,CONTRIBUTIVO,ENTIDAD PROMOTORA DE SALUD,EPS S.O.S. S.A. - EPS SERVICIO OCCIDENTAL DE SALUD  S.A.,37,PROFESIONAL,5
VALLE DEL CAUCA,CALI,CABECERA MUNICIPAL,FEMENINO,2910,48,05/11/2016 12:00:00 AM,23:05:00,MÉDICO,39,6,CESÁREA,SIMPLE,9,10,O,POSITIVO,NINGUNO DE LOS ANTERIORES,CÉDULA DE CIUDADANÍA.,20,ESTÁ CASADA,MEDIA ACADÉMICA O CLÁSICA ,11,COLOMBIA,VALLE DEL CAUCA,GUADALAJARA DE BUGA,CABECERA MUNICIPAL,PALO BLANCO,CL 13A  24-65,,,1, ,1,CONTRIBUTIVO,ENTIDAD PROMOTORA DE SALUD,EPS S.O.S. S.A. - EPS SERVICIO OCCIDENTAL DE SALUD  S.A.,38,PROFESIONAL,5
VALLE DEL CAUCA,CALI,CABECERA MUNICIPAL,FEMENINO,2476,48,06/11/2016 12:00:00 AM,11:56:00,MÉDICO,36,8,ESPONTÁNEO,DOBLE,7,8,A,NEGATIVO,NINGUNO DE LOS ANTERIORES,CÉDULA DE CIUDADANÍA.,27,NO ESTÁ CASADA Y LLEVA DOS AÑOS O MÁS VIVIENDO CON SU PAREJA,MEDIA ACADÉMICA O CLÁSICA ,11,COLOMBIA,VALLE DEL CAUCA,GUADALAJARA DE BUGA,CABECERA MUNICIPAL,OBRERO,CL30 9 93,,,3, 07/11/2007,3,SUBSIDIADO,ENTIDAD PROMOTORA DE SALUD SUBSIDIADO,EMSSANAR ESS - ASOCIACION MUTUAL EMPRESA SOLIDARIA DE SALUD ,34,MEDIA ACADÉMICA O CLÁSICA ,11
VALLE DEL CAUCA,CALI,CABECERA MUNICIPAL,FEMENINO,2675,47,06/11/2016 12:00:00 AM,12:21:00,MÉDICO,36,8,CESÁREA,DOBLE,8,9,A,POSITIVO,NINGUNO DE LOS ANTERIORES,CÉDULA DE CIUDADANÍA.,27,NO ESTÁ CASADA Y LLEVA DOS AÑOS O MÁS VIVIENDO CON SU PAREJA,MEDIA ACADÉMICA O CLÁSICA ,11,COLOMBIA,VALLE DEL CAUCA,GUADALAJARA DE BUGA,CABECERA MUNICIPAL,OBRERO,CL 30 9-93,,,4, 06/11/2016,3,SUBSIDIADO,ENTIDAD PROMOTORA DE SALUD SUBSIDIADO,EMSSANAR ESS - ASOCIACION MUTUAL EMPRESA SOLIDARIA DE SALUD ,34,MEDIA ACADÉMICA O CLÁSICA ,11
VALLE DEL CAUCA,CALI,CABECERA MUNICIPAL,FEMENINO,2843,50,,3:15:00,MÉDICO,37,1,ESPONTÁNEO,SIMPLE,9,10,O,POSITIVO,NINGUNO DE LOS ANTERIORES,CÉDULA DE CIUDADANÍA.,36,NO ESTÁ CASADA Y LLEVA DOS AÑOS O MÁS VIVIENDO CON SU PAREJA,MEDIA ACADÉMICA O CLÁSICA ,11,COLOMBIA,VALLE DEL CAUCA,GUADALAJARA DE BUGA,CABECERA MUNICIPAL,CUEMAYAR,KR 8 19 20,,,5, 22/09/2014,13,SUBSIDIADO,ENTIDAD PROMOTORA DE SALUD SUBSIDIADO,LA NUEVA EPS S.A.-CM,31,MEDIA ACADÉMICA O CLÁSICA ,11
VALLE DEL CAUCA,CALI,CABECERA MUNICIPAL,MASCULINO,2355,47,,22:29:00,MÉDICO,36,6,ESPONTÁNEO,SIMPLE,7,9,B,POSITIVO,NINGUNO DE LOS ANTERIORES,CÉDULA DE CIUDADANÍA.,22,NO ESTÁ CASADA Y LLEVA MENOS DE DOS AÑOS VIVIENDO CON SU PAREJA,BÁSICA SECUNDARIA ,7,COLOMBIA,VALLE DEL CAUCA,GUADALAJARA DE BUGA,CABECERA MUNICIPAL,NO APORTA,CL 31C  14A-29,,,2, 18/08/2009,2,SUBSIDIADO,ENTIDAD PROMOTORA DE SALUD SUBSIDIADO,EMSSANAR ESS - ASOCIACION MUTUAL EMPRESA SOLIDARIA DE SALUD ,40,BÁSICA SECUNDARIA ,9
VALLE DEL CAUCA,CALI,CABECERA MUNICIPAL,MASCULINO,2429,48,,1:47:00,MÉDICO,37,11,ESPONTÁNEO,SIMPLE,8,9,O,POSITIVO,NINGUNO DE LOS ANTERIORES,CÉDULA DE CIUDADANÍA.,24,NO ESTÁ CASADA Y LLEVA MENOS DE DOS AÑOS VIVIENDO CON SU PAREJA,BÁSICA SECUNDARIA ,8,COLOMBIA,VALLE DEL CAUCA,GUADALAJARA DE BUGA,CABECERA MUNICIPAL,BUGA,CL 29 13A 08,,,3, 22/07/2010,4,SUBSIDIADO,ENTIDAD PROMOTORA DE SALUD SUBSIDIADO,EMSSANAR ESS - ASOCIACION MUTUAL EMPRESA SOLIDARIA DE SALUD ,27,TÉCNICA PROFESIONAL,2
VALLE DEL CAUCA,CALI,CABECERA MUNICIPAL,MASCULINO,3700,54,,8:40:00,MÉDICO,39,8,CESÁREA,SIMPLE,8,9,A,POSITIVO,NINGUNO DE LOS ANTERIORES,CÉDULA DE CIUDADANÍA.,22,NO ESTÁ CASADA Y LLEVA DOS AÑOS O MÁS VIVIENDO CON SU PAREJA,MEDIA ACADÉMICA O CLÁSICA ,11,COLOMBIA,VALLE DEL CAUCA,GUADALAJARA DE BUGA,CABECERA MUNICIPAL,AURES,CL  1EN 21-57,,,1, ,1,EXCEPCIÓN,ENTIDAD EXCEPTUADA DE SALUD,FUERZAS MILITARES,27,MEDIA ACADÉMICA O CLÁSICA ,11
VALLE DEL CAUCA,CALI,CABECERA MUNICIPAL,FEMENINO,2656,47,,11:18:00,MÉDICO,36,10,CESÁREA,DOBLE,9,10,O,POSITIVO,NINGUNO DE LOS ANTERIORES,CÉDULA DE CIUDADANÍA.,38,ESTÁ CASADA,ESPECIALIZACIÓN,2,COLOMBIA,VALLE DEL CAUCA,GUADALAJARA DE BUGA,CABECERA MUNICIPAL,LA CURIA,KR 13A 6A SUR 31,,,1, ,1,CONTRIBUTIVO,ENTIDAD PROMOTORA DE SALUD,COOMEVA   E.P.S.  S.A.,38,PROFESIONAL,5
VALLE DEL CAUCA,CALI,CABECERA MUNICIPAL,FEMENINO,1470,40,,17:58:00,MÉDICO,33,8,CESÁREA,SIMPLE,8,9,A,POSITIVO,NINGUNO DE LOS ANTERIORES,CÉDULA DE CIUDADANÍA.,26,NO ESTÁ CASADA Y LLEVA DOS AÑOS O MÁS VIVIENDO CON SU PAREJA,MEDIA ACADÉMICA O CLÁSICA ,11,COLOMBIA,VALLE DEL CAUCA,GUADALAJARA DE BUGA,CABECERA MUNICIPAL,JARDIN,CL 30  11 - 18,,,1, ,1,CONTRIBUTIVO,ENTIDAD PROMOTORA DE SALUD,COOMEVA   E.P.S.  S.A.,32,MEDIA ACADÉMICA O CLÁSICA ,11
VALLE DEL CAUCA,CALI,CABECERA MUNICIPAL,MASCULINO,1770,43,,23:15:00,MÉDICO,32,4,CESÁREA,SIMPLE,9,10,O,POSITIVO,NINGUNO DE LOS ANTERIORES,CÉDULA DE CIUDADANÍA.,19,ESTÁ SOLTERA,PROFESIONAL,1,COLOMBIA,VALLE DEL CAUCA,GUADALAJARA DE BUGA,CABECERA MUNICIPAL,LA AVENTURA,CL 20A N 19A-45,,,1, ,1,CONTRIBUTIVO,ENTIDAD PROMOTORA DE SALUD,COOMEVA   E.P.S.  S.A.,17,MEDIA ACADÉMICA O CLÁSICA ,11
VALLE DEL CAUCA,CALI,CABECERA MUNICIPAL,FEMENINO,815,34,,4:15:00,MÉDICO,24,3,ESPONTÁNEO,SIMPLE,4,6,O,POSITIVO,NINGUNO DE LOS ANTERIORES,CÉDULA DE CIUDADANÍA.,25,NO ESTÁ CASADA Y LLEVA DOS AÑOS O MÁS VIVIENDO CON SU PAREJA,MEDIA TÉCNICA ,11,COLOMBIA,VALLE DEL CAUCA,GUADALAJARA DE BUGA,CABECERA MUNICIPAL,BELLAVISTA,KR 3 OESTE NO 17-35,,,6, 08/03/2014,3,CONTRIBUTIVO,ENTIDAD PROMOTORA DE SALUD,EPS S.O.S. S.A. - EPS SERVICIO OCCIDENTAL DE SALUD  S.A.,32,MEDIA TÉCNICA ,11
VALLE DEL CAUCA,CALI,CABECERA MUNICIPAL,FEMENINO,2640,44,,16:31:00,MÉDICO,36,8,ESPONTÁNEO,SIMPLE,9,10,O,POSITIVO,NINGUNO DE LOS ANTERIORES,CÉDULA DE CIUDADANÍA.,25,SIN INFORMACIÓN,TECNOLÓGICA,3,COLOMBIA,VALLE DEL CAUCA,GUADALAJARA DE BUGA,CABECERA MUNICIPAL,EL MOLINO,CL 11  2 19E,,,4, 05/06/2015,4,CONTRIBUTIVO,ENTIDAD PROMOTORA DE SALUD,EPS S.O.S. S.A. - EPS SERVICIO OCCIDENTAL DE SALUD  S.A.,30,TECNOLÓGICA,3
VALLE DEL CAUCA,CALI,CABECERA MUNICIPAL,FEMENINO,957,37,,10:11:00,MÉDICO,26,4,CESÁREA,SIMPLE,6,8,O,POSITIVO,NINGUNO DE LOS ANTERIORES,SIN INFORMACIÓN.,26,NO ESTÁ CASADA Y LLEVA MENOS DE DOS AÑOS VIVIENDO CON SU PAREJA,BÁSICA SECUNDARIA ,8,COLOMBIA,VALLE DEL CAUCA,GUADALAJARA DE BUGA,CABECERA MUNICIPAL,NO APORTA,CL 25 10-18,,,3, 18/11/2009,3,NO ASEGURADO,,,35,BÁSICA PRIMARIA,5
VALLE DEL CAUCA,CALI,CABECERA MUNICIPAL,FEMENINO,2467,47,07/12/2016 12:00:00 AM,11:40:00,MÉDICO,36,6,ESPONTÁNEO,SIMPLE,9,10,O,POSITIVO,NINGUNO DE LOS ANTERIORES,CÉDULA DE CIUDADANÍA.,24,ESTÁ CASADA,PROFESIONAL,6,COLOMBIA,VALLE DEL CAUCA,GUADALAJARA DE BUGA,CABECERA MUNICIPAL,SAN MARINO,CL 22 18A 22,,,1, ,1,CONTRIBUTIVO,ENTIDAD PROMOTORA DE SALUD,EPS S.O.S. S.A. - EPS SERVICIO OCCIDENTAL DE SALUD  S.A.,29,PROFESIONAL,6
VALLE DEL CAUCA,CALI,CABECERA MUNICIPAL,MASCULINO,4076,54,12/12/2016 12:00:00 AM,9:24:00,MÉDICO,39,8,ESPONTÁNEO,SIMPLE,8,9,O,POSITIVO,NINGUNO DE LOS ANTERIORES,CÉDULA DE CIUDADANÍA.,31,NO ESTÁ CASADA Y LLEVA DOS AÑOS O MÁS VIVIENDO CON SU PAREJA,TECNOLÓGICA,3,COLOMBIA,VALLE DEL CAUCA,GUADALAJARA DE BUGA,CABECERA MUNICIPAL,SAN JOSÉ OBRERO,CL 29 A 1 1 22,,,3, 03/09/2014,4,CONTRIBUTIVO,ENTIDAD PROMOTORA DE SALUD,NUEVA EPS SA,38,PROFESIONAL,5
VALLE DEL CAUCA,CALI,CABECERA MUNICIPAL,MASCULINO,3140,49,,16:18:00,MÉDICO,39,7,CESÁREA,SIMPLE,8,10,B,POSITIVO,NINGUNO DE LOS ANTERIORES,CÉDULA DE CIUDADANÍA.,29,NO ESTÁ CASADA Y LLEVA DOS AÑOS O MÁS VIVIENDO CON SU PAREJA,PROFESIONAL,5,COLOMBIA,VALLE DEL CAUCA,GUADALAJARA DE BUGA,CABECERA MUNICIPAL,CARMELO,KR 5 4-86,,,2, 21/01/2012,2,CONTRIBUTIVO,ENTIDAD PROMOTORA DE SALUD,NUEVA EPS SA,29,MEDIA ACADÉMICA O CLÁSICA ,11
VALLE DEL CAUCA,CALI,CABECERA MUNICIPAL,FEMENINO,2990,49,,16:48:00,MÉDICO,39,7,CESÁREA,SIMPLE,9,10,O,POSITIVO,NINGUNO DE LOS ANTERIORES,CÉDULA DE CIUDADANÍA.,21,NO ESTÁ CASADA Y LLEVA DOS AÑOS O MÁS VIVIENDO CON SU PAREJA,MEDIA ACADÉMICA O CLÁSICA ,11,COLOMBIA,VALLE DEL CAUCA,GUADALAJARA DE BUGA,CABECERA MUNICIPAL,CALDAS,KR 81ER BIS 3-107,,,1, ,2,CONTRIBUTIVO,ENTIDAD PROMOTORA DE SALUD,COMFENALCO  VALLE  E.P.S.,42,BÁSICA PRIMARIA,3
